African Development Fund,0.0
Department for International Development,0.0
Deutsche Gesellschaft Technische Zusammenarbeit,0.0
Embassy of Belgium,0.0
Embassy of Canada,0.0
Embassy of Germany,0.0
Embassy of Japan,0.0
Embassy of Netherlands,0.0
Embassy of Sweden,0.0
European Commission,0.0
European Investment Bank,0.0
Global Environmental Facility,0.0
KfW Bankengruppe,0.0
Korea International Cooperation Agency,0.0
Ministry of Finance,0.0
Poland Ministry of Foreign Affairs,0.0
UNDP,0.0
USAID,0.0
World Bank,0.0
